[{"name": "Karen Gillan", "gender": 1, "year_born": "1987", "first_movie": "Rebus", "year_first_movie": "2006", "credits": "63"}, {"name": "Bryce Dallas Howard", "gender": 1, "year_born": "1981", "first_movie": "Parenthood", "year_first_movie": "1989", "credits": "38"}, {"name": "Alicia Vikander", "gender": 1, "year_born": "1988", "first_movie": "Min balsamerade mor", "year_first_movie": "2002", "credits": "45"}, {"name": "Tom Hardy", "gender": 0, "year_born": "1977", "first_movie": "Tommaso", "year_first_movie": "2001", "credits": "56"}, {"name": "Rebecca Ferguson", "gender": 1, "year_born": "1983", "first_movie": "Nya tider", "year_first_movie": "1999", "credits": "32"}, {"name": "Lily James", "gender": 1, "year_born": "1989", "first_movie": "Just William", "year_first_movie": "2010", "credits": "31"}, {"name": "Jessica Barden", "gender": 1, "year_born": "1992", "first_movie": "My Parents Are Aliens", "year_first_movie": "1999", "credits": "42"}, {"name": "Hannah John-Kamen", "gender": 1, "year_born": "1989", "first_movie": "Dark Souls", "year_first_movie": "2011", "credits": "25"}, {"name": "Josh Brolin", "gender": 0, "year_born": "1968", "first_movie": "The Goonies", "year_first_movie": "1985", "credits": "74"}, {"name": "Tessa Thompson", "gender": 1, "year_born": "1983", "first_movie": "Cold Case", "year_first_movie": "2005", "credits": "64"}, {"name": "Alexandra Daddario", "gender": 1, "year_born": "1986", "first_movie": "All My Children", "year_first_movie": "2002", "credits": "59"}, {"name": "Brie Larson", "gender": 1, "year_born": "1989", "first_movie": "The Tonight Show with Jay Leno", "year_first_movie": "1998", "credits": "63"}, {"name": "Carla Gugino", "gender": 1, "year_born": "1971", "first_movie": "Who's the Boss?", "year_first_movie": "1988", "credits": "99"}, {"name": "Emilia Clarke", "gender": 1, "year_born": "1986", "first_movie": "Doctors", "year_first_movie": "2009", "credits": "20"}, {"name": "Evangeline Lilly", "gender": 1, "year_born": "1979", "first_movie": "Judgment Day", "year_first_movie": "1997", "credits": "25"}, {"name": "Margot Robbie", "gender": 1, "year_born": "1990", "first_movie": "City Homicide", "year_first_movie": "2008", "credits": "40"}, {"name": "Martha Higareda", "gender": 1, "year_born": "1983", "first_movie": "Amar te duele", "year_first_movie": "2002", "credits": "51"}, {"name": "Michael B. Jordan", "gender": 0, "year_born": "1987", "first_movie": "The Sopranos", "year_first_movie": "1999", "credits": "52"}, {"name": "Ruby Rose", "gender": 1, "year_born": "1986", "first_movie": "Boys Like You", "year_first_movie": "2011", "credits": "22"}, {"name": "Olivia Cooke", "gender": 1, "year_born": "1993", "first_movie": "Blackout", "year_first_movie": "2012", "credits": "22"}, {"name": "Morena Baccarin", "gender": 1, "year_born": "1979", "first_movie": "Perfume", "year_first_movie": "2001", "credits": "54"}, {"name": "Yvonne Strahovski", "gender": 1, "year_born": "1982", "first_movie": "Double the Fist", "year_first_movie": "2004", "credits": "37"}, {"name": "Julia Garner", "gender": 1, "year_born": "1994", "first_movie": "The Dreamer", "year_first_movie": "2010", "credits": "31"}, {"name": "Noah Centineo", "gender": 0, "year_born": "1996", "first_movie": "The Gold Retrievers", "year_first_movie": "2009", "credits": "35"}, {"name": "Ana de Armas", "gender": 1, "year_born": "1988", "first_movie": "Una rosa de Francia", "year_first_movie": "2006", "credits": "31"}, {"name": "Kiernan Shipka", "gender": 1, "year_born": "1999", "first_movie": "Monk", "year_first_movie": "2006", "credits": "42"}, {"name": "John Krasinski", "gender": 0, "year_born": "1979", "first_movie": "State and Main", "year_first_movie": "2000", "credits": "48"}, {"name": "Meghan Markle", "gender": 1, "year_born": "1981", "first_movie": "Married... with Children", "year_first_movie": "1995", "credits": "31"}, {"name": "Jacob Elordi", "gender": 0, "year_born": "1966", "first_movie": "Carpe Liam", "year_first_movie": "2015", "credits": "13"}, {"name": "Parker Posey", "gender": 1, "year_born": "1968", "first_movie": "First Love, Fatal Love", "year_first_movie": "1991", "credits": "101"}, {"name": "Rami Malek", "gender": 0, "year_born": "1981", "first_movie": "Gilmore Girls", "year_first_movie": "2004", "credits": "35"}, {"name": "Vanessa Kirby", "gender": 1, "year_born": "1988", "first_movie": "Love/Loss", "year_first_movie": "2010", "credits": "32"}, {"name": "Bonnie Aarons", "gender": 1, "year_born": "1966", "first_movie": "Counting Crows: Round Here", "year_first_movie": "1994", "credits": "38"}, {"name": "Sonoya Mizuno", "gender": 1, "year_born": "1986", "first_movie": "Venus in Eros", "year_first_movie": "2012", "credits": "17"}, {"name": "Zendaya", "gender": 1, "year_born": "1996", "first_movie": "Bella Thorne & Zendaya: Watch Me", "year_first_movie": "2011", "credits": "44"}, {"name": "Debby Ryan", "gender": 1, "year_born": "1993", "first_movie": "Barney: Let's Go to the Firehouse", "year_first_movie": "2007", "credits": "46"}, {"name": "Gal Gadot", "gender": 1, "year_born": "1985", "first_movie": "Shemesh", "year_first_movie": "1999", "credits": "32"}, {"name": "Emily Blunt", "gender": 1, "year_born": "1983", "first_movie": "Warrior Queen", "year_first_movie": "2003", "credits": "48"}, {"name": "Timoth\u00e9e Chalamet", "gender": 0, "year_born": "1995", "first_movie": "Sweet Tooth", "year_first_movie": "2008", "credits": "27"}, {"name": "Naomi Scott", "gender": 1, "year_born": "1993", "first_movie": "Life Bites", "year_first_movie": "2009", "credits": "18"}, {"name": "Jennifer Lawrence", "gender": 1, "year_born": "1990", "first_movie": "Monk", "year_first_movie": "2006", "credits": "34"}, {"name": "Joey King", "gender": 1, "year_born": "1999", "first_movie": "The Suite Life of Zack & Cody", "year_first_movie": "2006", "credits": "61"}, {"name": "Tom Cruise", "gender": 0, "year_born": "1962", "first_movie": "Endless Love", "year_first_movie": "1981", "credits": "50"}, {"name": "Joel Kinnaman", "gender": 0, "year_born": "1979", "first_movie": "Storstad", "year_first_movie": "1990", "credits": "47"}, {"name": "Jessica Chastain", "gender": 1, "year_born": "1977", "first_movie": "ER", "year_first_movie": "2004", "credits": "56"}, {"name": "Alden Ehrenreich", "gender": 0, "year_born": "1989", "first_movie": "Supernatural", "year_first_movie": "2005", "credits": "21"}, {"name": "Bill Skarsg\u00e5rd", "gender": 0, "year_born": "1990", "first_movie": "J\u00e4rng\u00e4nget", "year_first_movie": "2000", "credits": "36"}, {"name": "Zazie Beetz", "gender": 1, "year_born": "1991", "first_movie": "The Crocotta", "year_first_movie": "2013", "credits": "32"}, {"name": "Frances McDormand", "gender": 1, "year_born": "1957", "first_movie": "Blood Simple", "year_first_movie": "1984", "credits": "67"}, {"name": "Kate Siegel", "gender": 1, "year_born": "1982", "first_movie": "The Curse of the Black Dahlia", "year_first_movie": "2007", "credits": "27"}, {"name": "Burt Reynolds", "gender": 0, "year_born": "1936", "first_movie": "Flight", "year_first_movie": "1958", "credits": "184"}, {"name": "Amber Heard", "gender": 1, "year_born": "1986", "first_movie": "Jack & Bobby", "year_first_movie": "2004", "credits": "50"}, {"name": "Alison Brie", "gender": 1, "year_born": "1982", "first_movie": "Stolen Poem", "year_first_movie": "2004", "credits": "67"}, {"name": "Chadwick Boseman", "gender": 0, "year_born": "1977", "first_movie": "Third Watch", "year_first_movie": "2003", "credits": "37"}, {"name": "Daisy Ridley", "gender": 1, "year_born": "1992", "first_movie": "ASOS Africa", "year_first_movie": "2012", "credits": "32"}, {"name": "Steve Wilder", "gender": 0, "year_born": "1970", "first_movie": "Josh Kirby: Time Warrior! Chap. 4: Eggs from 70 Million B.C.", "year_first_movie": "1995", "credits": "23"}, {"name": "Eliza Dushku", "gender": 1, "year_born": "1980", "first_movie": "That Night", "year_first_movie": "1992", "credits": "64"}, {"name": "Lady Gaga", "gender": 0, "year_born": "1986", "first_movie": "Quelli che... il calcio", "year_first_movie": "1993", "credits": "241"}, {"name": "Zoey Deutch", "gender": 1, "year_born": "1994", "first_movie": "NCIS", "year_first_movie": "2011", "credits": "27"}, {"name": "Sally Hawkins", "gender": 1, "year_born": "1976", "first_movie": "Mirror, Mirror...", "year_first_movie": "1996", "credits": "57"}, {"name": "Jackson Odell", "gender": 0, "year_born": "1997", "first_movie": "Private Practice", "year_first_movie": "2009", "credits": "19"}, {"name": "Allison Mack", "gender": 1, "year_born": "1982", "first_movie": "Police Academy 6: City Under Siege", "year_first_movie": "1989", "credits": "43"}, {"name": "Pom Klementieff", "gender": 1, "year_born": "1986", "first_movie": "Apr\u00e8s lui", "year_first_movie": "2007", "credits": "37"}, {"name": "Jimmy Bennett", "gender": 0, "year_born": "1996", "first_movie": "Strong Medicine", "year_first_movie": "2002", "credits": "50"}, {"name": "Abbie Cornish", "gender": 1, "year_born": "1982", "first_movie": "Wildside", "year_first_movie": "1997", "credits": "40"}, {"name": "Saoirse Ronan", "gender": 1, "year_born": "1994", "first_movie": "The Clinic", "year_first_movie": "2003", "credits": "34"}, {"name": "Letitia Wright", "gender": 1, "year_born": "1993", "first_movie": "Holby City", "year_first_movie": "2011", "credits": "26"}, {"name": "Elizabeth Olsen", "gender": 1, "year_born": "1989", "first_movie": "How the West Was Fun", "year_first_movie": "1994", "credits": "26"}, {"name": "Dwayne Johnson", "gender": 0, "year_born": "1972", "first_movie": "USWA Championship Wrestling", "year_first_movie": "1996", "credits": "70"}, {"name": "Gemma Chan", "gender": 1, "year_born": "1982", "first_movie": "When Evil Calls", "year_first_movie": "2006", "credits": "42"}, {"name": "Rachel Brosnahan", "gender": 1, "year_born": "1990", "first_movie": "The Unborn", "year_first_movie": "2009", "credits": "42"}, {"name": "Claire Foy", "gender": 1, "year_born": "1984", "first_movie": "Being Human", "year_first_movie": "2008", "credits": "27"}, {"name": "Milly Shapiro", "gender": 1, "year_born": "2002", "first_movie": "Broadway Kids Against Bullying: I Have a Voice", "year_first_movie": "2016", "credits": "5"}, {"name": "Michelle Williams", "gender": 1, "year_born": "1980", "first_movie": "Baywatch", "year_first_movie": "1993", "credits": "51"}, {"name": "Henry Cavill", "gender": 0, "year_born": "1983", "first_movie": "Laguna", "year_first_movie": "2001", "credits": "26"}, {"name": "Amy Adams", "gender": 1, "year_born": "1974", "first_movie": "Drop Dead Gorgeous", "year_first_movie": "1999", "credits": "62"}, {"name": "Chris Hemsworth", "gender": 0, "year_born": "1983", "first_movie": "Guinevere Jones", "year_first_movie": "2002", "credits": "43"}, {"name": "Lana Condor", "gender": 1, "year_born": "1997", "first_movie": "X-Men: Apocalypse", "year_first_movie": "2016", "credits": "14"}, {"name": "Jason Momoa", "gender": 0, "year_born": "1979", "first_movie": "Baywatch", "year_first_movie": "1999", "credits": "35"}, {"name": "Richard Madden", "gender": 0, "year_born": "1986", "first_movie": "Complicity", "year_first_movie": "2000", "credits": "29"}, {"name": "Joel Edgerton", "gender": 0, "year_born": "1974", "first_movie": "Police Rescue", "year_first_movie": "1995", "credits": "77"}, {"name": "Cate Blanchett", "gender": 1, "year_born": "1969", "first_movie": "Kaboria", "year_first_movie": "1990", "credits": "82"}, {"name": "Alice Eve", "gender": 1, "year_born": "1982", "first_movie": "Hawking", "year_first_movie": "2004", "credits": "44"}, {"name": "Gary Oldman", "gender": 0, "year_born": "1958", "first_movie": "Remembrance", "year_first_movie": "1982", "credits": "103"}, {"name": "Chris Pratt", "gender": 0, "year_born": "1979", "first_movie": "Cursed Part 3", "year_first_movie": "2000", "credits": "58"}, {"name": "Tom Holland", "gender": 0, "year_born": "1996", "first_movie": "The Secret World of Arrietty", "year_first_movie": "2010", "credits": "31"}, {"name": "Hailee Steinfeld", "gender": 1, "year_born": "1996", "first_movie": "Back to You", "year_first_movie": "2007", "credits": "50"}, {"name": "Mina Sundwall", "gender": 1, "year_born": "2001", "first_movie": "Objects in Mirror Are Closer Than They Appear", "year_first_movie": "2010", "credits": "14"}, {"name": "Ryan Reynolds", "gender": 0, "year_born": "1976", "first_movie": "Fifteen", "year_first_movie": "1991", "credits": "85"}, {"name": "Cristin Milioti", "gender": 1, "year_born": "1985", "first_movie": "3 lbs.", "year_first_movie": "2006", "credits": "30"}, {"name": "Olivia Munn", "gender": 1, "year_born": "1980", "first_movie": "Scarecrow Gone Wild", "year_first_movie": "2004", "credits": "50"}, {"name": "Lucy Davis", "gender": 1, "year_born": "1973", "first_movie": "The Detectives", "year_first_movie": "1993", "credits": "58"}, {"name": "Blake Lively", "gender": 1, "year_born": "1987", "first_movie": "Sandman", "year_first_movie": "1998", "credits": "24"}, {"name": "Mackenzie Foy", "gender": 1, "year_born": "2000", "first_movie": "'Til Death", "year_first_movie": "2009", "credits": "17"}, {"name": "Amanda Fuller", "gender": 1, "year_born": "1984", "first_movie": "Tales of the City", "year_first_movie": "1993", "credits": "72"}, {"name": "Scarlett Johansson", "gender": 1, "year_born": "1984", "first_movie": "North", "year_first_movie": "1994", "credits": "67"}, {"name": "Dichen Lachman", "gender": 1, "year_born": "1982", "first_movie": "Eastworld", "year_first_movie": "2005", "credits": "35"}, {"name": "Sam Rockwell", "gender": 0, "year_born": "1968", "first_movie": "Joan Crawford's Children", "year_first_movie": "1979", "credits": "105"}, {"name": "Sofia Boutella", "gender": 1, "year_born": "1982", "first_movie": "Le d\u00e9fi", "year_first_movie": "2002", "credits": "26"}, {"name": "Evan Rachel Wood", "gender": 1, "year_born": "1987", "first_movie": "In the Best of Families: Marriage, Pride & Madness", "year_first_movie": "1994", "credits": "59"}]